Title,Media URL,Pinterest board,Thumbnail,Description,Link,Publish date,Keywords
20 Math Crossword Puzzles for Grade 2 - Math Facts,https://raw.githubusercontent.com/thitipatrb/efl-pins/main/number-lab-crossnumber-g2.png,Math Puzzles & Worksheets,,"20 printable math crossword puzzles for grade 2. Answers cross, so a wrong answer shows up at the crossing and the page checks itself. Print and hand out - no prep, answer keys included. Great for math centers, early finishers, morning work and sub plans.",https://www.teacherspayteachers.com/Product/Math-Crossword-Puzzles-2nd-Grade-Math-Review-Early-Finishers-Enrichment-17488486,2026-08-27T09:00:00,"math, math activities, math worksheets, elementary math, teaching, worksheets, homeschool, classroom activities, puzzles, education"
20 Math Crossword Puzzles for Grade 3 - Math Facts,https://raw.githubusercontent.com/thitipatrb/efl-pins/main/number-lab-crossnumber-g3.png,Math Puzzles & Worksheets,,"20 printable math crossword puzzles for grade 3. Answers cross, so a wrong answer shows up at the crossing and the page checks itself. Print and hand out - no prep, answer keys included. Great for math centers, early finishers, morning work and sub plans.",https://www.teacherspayteachers.com/Product/Math-Crossword-Puzzles-3rd-Grade-Math-Review-Cross-Number-Early-Finishers-17449546,2026-08-27T09:00:00,"math, math activities, math worksheets, elementary math, teaching, worksheets, homeschool, classroom activities, puzzles, education"
20 Math Crossword Puzzles for Grade 4 - Math Facts,https://raw.githubusercontent.com/thitipatrb/efl-pins/main/number-lab-crossnumber-g4.png,Math Puzzles & Worksheets,,"20 printable math crossword puzzles for grade 4. Answers cross, so a wrong answer shows up at the crossing and the page checks itself. Print and hand out - no prep, answer keys included. Great for math centers, early finishers, morning work and sub plans.",https://www.teacherspayteachers.com/Product/Math-Crossword-Puzzles-4th-Grade-Math-Review-Cross-Number-Early-Finishers-17436969,2026-08-28T09:00:00,"math, math activities, math worksheets, elementary math, teaching, worksheets, homeschool, classroom activities, puzzles, education"
20 Math Crossword Puzzles for Grade 5 - Math Facts,https://raw.githubusercontent.com/thitipatrb/efl-pins/main/number-lab-crossnumber-g5.png,Math Puzzles & Worksheets,,"20 printable math crossword puzzles for grade 5. Answers cross, so a wrong answer shows up at the crossing and the page checks itself. Print and hand out - no prep, answer keys included. Great for math centers, early finishers, morning work and sub plans.",https://www.teacherspayteachers.com/Product/Math-Crossword-Puzzles-5th-Grade-Math-Review-Cross-Number-Early-Finishers-17457148,2026-08-28T09:00:00,"math, math activities, math worksheets, elementary math, teaching, worksheets, homeschool, classroom activities, puzzles, education"
10 Cryptogram Puzzles for Grades 2-3 - Bake Sale,https://raw.githubusercontent.com/thitipatrb/efl-pins/main/bake-sale-codes-g23.png,Brain Teasers & Word Puzzles,,"10 printable cryptogram puzzles for grades 2-3. Print and hand out - no prep. Answer keys for every page. Great for early finishers, morning work, centers, sub plans and gifted or enrichment groups.",https://www.teacherspayteachers.com/Product/Cryptogram-Puzzles-Early-Finishers-Bake-Sale-Secret-Codes-Grades-2-3-17419503,2026-08-29T09:00:00,"word puzzles, brain teasers, critical thinking, teaching, elementary school, worksheets, homeschool, classroom activities, reading activities, puzzles"
4 Logic Grid Puzzles for Grades 2-6 - Field Day,https://raw.githubusercontent.com/thitipatrb/efl-pins/main/field-day-free-sampler.png,Logic Puzzles for Kids,,"4 printable logic grid puzzles for grades 2-6, free to download. Print and hand out - no prep. Answer keys for every page. Great for early finishers, morning work, centers, sub plans and gifted or enrichment groups.",https://www.teacherspayteachers.com/Product/Logic-Puzzles-Early-Finishers-Enrichment-Field-Day-Brain-Teasers-Grades-2-6-17476448,2026-08-29T09:00:00,"logic puzzles, brain teasers, critical thinking, teaching, elementary school, worksheets, homeschool, classroom activities, gifted education, puzzles"
10 Logic Grid Puzzles for Grades 2-3 - Field Day,https://raw.githubusercontent.com/thitipatrb/efl-pins/main/field-day-g23.png,Logic Puzzles for Kids,,"10 printable logic grid puzzles for grades 2-3. Print and hand out - no prep. Answer keys for every page. Great for early finishers, morning work, centers, sub plans and gifted or enrichment groups.",https://www.teacherspayteachers.com/Product/Logic-Puzzles-Early-Finishers-Enrichment-Field-Day-Brain-Teasers-Grades-2-3-17419115,2026-08-30T09:00:00,"logic puzzles, brain teasers, critical thinking, teaching, elementary school, worksheets, homeschool, classroom activities, gifted education, puzzles"
10 Logic Grid Puzzles for Grades 4-6 - Field Day,https://raw.githubusercontent.com/thitipatrb/efl-pins/main/field-day-g46.png,Logic Puzzles for Kids,,"10 printable logic grid puzzles for grades 4-6. Print and hand out - no prep. Answer keys for every page. Great for early finishers, morning work, centers, sub plans and gifted or enrichment groups.",https://www.teacherspayteachers.com/Product/Logic-Puzzles-Early-Finishers-Enrichment-Field-Day-Brain-Teasers-Grades-4-6-17419199,2026-08-30T09:00:00,"logic puzzles, brain teasers, critical thinking, teaching, elementary school, worksheets, homeschool, classroom activities, gifted education, puzzles"
10 Logic Grid Puzzles for Grades 2-3 - Library Club,https://raw.githubusercontent.com/thitipatrb/efl-pins/main/library-club-g23.png,Logic Puzzles for Kids,,"10 printable logic grid puzzles for grades 2-3. Print and hand out - no prep. Answer keys for every page. Great for early finishers, morning work, centers, sub plans and gifted or enrichment groups.",https://www.teacherspayteachers.com/Product/Logic-Puzzles-Early-Finishers-Library-Club-Brain-Teasers-Grids-Grades-2-3-17419439,2026-08-31T09:00:00,"logic puzzles, brain teasers, critical thinking, teaching, elementary school, worksheets, homeschool, classroom activities, gifted education, puzzles"
10 Logic Grid Puzzles for Grades 4-6 - Library Club,https://raw.githubusercontent.com/thitipatrb/efl-pins/main/library-club-g46.png,Logic Puzzles for Kids,,"10 printable logic grid puzzles for grades 4-6. Print and hand out - no prep. Answer keys for every page. Great for early finishers, morning work, centers, sub plans and gifted or enrichment groups.",https://www.teacherspayteachers.com/Product/Logic-Puzzles-Early-Finishers-Library-Club-Brain-Teasers-Grids-Grades-4-6-17419473,2026-08-31T09:00:00,"logic puzzles, brain teasers, critical thinking, teaching, elementary school, worksheets, homeschool, classroom activities, gifted education, puzzles"
10 Logic Grid Puzzles for Grade 4 - Math Facts,https://raw.githubusercontent.com/thitipatrb/efl-pins/main/number-lab-logic-g4.png,Logic Puzzles for Kids,,"10 printable logic grid puzzles for grade 4. Print and hand out - no prep. Answer keys for every page. Great for early finishers, morning work, centers, sub plans and gifted or enrichment groups.",https://www.teacherspayteachers.com/Product/Logic-Puzzles-4th-Grade-Math-Facts-Brain-Teasers-Gifted-Early-Finishers-17467794,2026-09-01T09:00:00,"logic puzzles, brain teasers, critical thinking, teaching, elementary school, worksheets, homeschool, classroom activities, gifted education, puzzles"
4 Logic Grid Puzzles for Grades 2-6 - Bake Sale,https://raw.githubusercontent.com/thitipatrb/efl-pins/main/bake-sale-free-sampler.png,Logic Puzzles for Kids,,"4 printable logic grid puzzles for grades 2-6, free to download. Print and hand out - no prep. Answer keys for every page. Great for early finishers, morning work, centers, sub plans and gifted or enrichment groups.",https://www.teacherspayteachers.com/Product/Logic-Puzzles-Early-Finishers-Enrichment-Bake-Sale-Brain-Teasers-Grades-2-6-17476408,2026-09-01T09:00:00,"logic puzzles, brain teasers, critical thinking, teaching, elementary school, worksheets, homeschool, classroom activities, gifted education, puzzles"
10 Logic Grid Puzzles for Grades 2-3 - Bake Sale,https://raw.githubusercontent.com/thitipatrb/efl-pins/main/bake-sale-g23.png,Logic Puzzles for Kids,,"10 printable logic grid puzzles for grades 2-3. Print and hand out - no prep. Answer keys for every page. Great for early finishers, morning work, centers, sub plans and gifted or enrichment groups.",https://www.teacherspayteachers.com/Product/Logic-Puzzles-Early-Finishers-Enrichment-Bake-Sale-Brain-Teasers-Grades-2-3-17418501,2026-09-02T09:00:00,"logic puzzles, brain teasers, critical thinking, teaching, elementary school, worksheets, homeschool, classroom activities, gifted education, puzzles"
10 Logic Grid Puzzles for Grades 4-6 - Bake Sale,https://raw.githubusercontent.com/thitipatrb/efl-pins/main/bake-sale-g46.png,Logic Puzzles for Kids,,"10 printable logic grid puzzles for grades 4-6. Print and hand out - no prep. Answer keys for every page. Great for early finishers, morning work, centers, sub plans and gifted or enrichment groups.",https://www.teacherspayteachers.com/Product/Logic-Puzzles-Early-Finishers-Enrichment-Bake-Sale-Brain-Teasers-Grades-4-6-17418861,2026-09-02T09:00:00,"logic puzzles, brain teasers, critical thinking, teaching, elementary school, worksheets, homeschool, classroom activities, gifted education, puzzles"
10 Logic Grid Puzzles for Grades 2-3 - Science Fair,https://raw.githubusercontent.com/thitipatrb/efl-pins/main/science-fair-g23.png,Logic Puzzles for Kids,,"10 printable logic grid puzzles for grades 2-3. Print and hand out - no prep. Answer keys for every page. Great for early finishers, morning work, centers, sub plans and gifted or enrichment groups.",https://www.teacherspayteachers.com/Product/Logic-Puzzles-Early-Finishers-Science-Fair-Brain-Teasers-Grids-Grades-2-3-17419282,2026-09-03T09:00:00,"logic puzzles, brain teasers, critical thinking, teaching, elementary school, worksheets, homeschool, classroom activities, gifted education, puzzles"
10 Logic Grid Puzzles for Grades 4-6 - Science Fair,https://raw.githubusercontent.com/thitipatrb/efl-pins/main/science-fair-g46.png,Logic Puzzles for Kids,,"10 printable logic grid puzzles for grades 4-6. Print and hand out - no prep. Answer keys for every page. Great for early finishers, morning work, centers, sub plans and gifted or enrichment groups.",https://www.teacherspayteachers.com/Product/Logic-Puzzles-Early-Finishers-Science-Fair-Brain-Teasers-Grids-Grades-4-6-17419361,2026-09-03T09:00:00,"logic puzzles, brain teasers, critical thinking, teaching, elementary school, worksheets, homeschool, classroom activities, gifted education, puzzles"
4 Logic Grid Puzzles for Grades 2-6 - Pet Show,https://raw.githubusercontent.com/thitipatrb/efl-pins/main/pet-show-free-sampler.png,Logic Puzzles for Kids,,"4 printable logic grid puzzles for grades 2-6, free to download. Print and hand out - no prep. Answer keys for every page. Great for early finishers, morning work, centers, sub plans and gifted or enrichment groups.",https://www.teacherspayteachers.com/Product/Logic-Puzzles-Early-Finishers-Enrichment-Pet-Show-Brain-Teasers-Grades-2-6-17449693,2026-09-04T09:00:00,"logic puzzles, brain teasers, critical thinking, teaching, elementary school, worksheets, homeschool, classroom activities, gifted education, puzzles"
10 Logic Grid Puzzles for Grades 2-3 - Pet Show,https://raw.githubusercontent.com/thitipatrb/efl-pins/main/pet-show-g23.png,Logic Puzzles for Kids,,"10 printable logic grid puzzles for grades 2-3. Print and hand out - no prep. Answer keys for every page. Great for early finishers, morning work, centers, sub plans and gifted or enrichment groups.",https://www.teacherspayteachers.com/Product/Logic-Puzzles-Early-Finishers-Enrichment-Pet-Show-Brain-Teasers-Grades-2-3-17418970,2026-09-04T09:00:00,"logic puzzles, brain teasers, critical thinking, teaching, elementary school, worksheets, homeschool, classroom activities, gifted education, puzzles"
10 Logic Grid Puzzles for Grades 4-6 - Pet Show,https://raw.githubusercontent.com/thitipatrb/efl-pins/main/pet-show-g46.png,Logic Puzzles for Kids,,"10 printable logic grid puzzles for grades 4-6. Print and hand out - no prep. Answer keys for every page. Great for early finishers, morning work, centers, sub plans and gifted or enrichment groups.",https://www.teacherspayteachers.com/Product/Logic-Puzzles-Early-Finishers-Enrichment-Pet-Show-Brain-Teasers-Grades-4-6-17419042,2026-09-05T09:00:00,"logic puzzles, brain teasers, critical thinking, teaching, elementary school, worksheets, homeschool, classroom activities, gifted education, puzzles"
10 Logic Grid Puzzles for Grades 2-3 - Snow Day,https://raw.githubusercontent.com/thitipatrb/efl-pins/main/snow-day-winter-g23.png,Logic Puzzles for Kids,,"10 printable logic grid puzzles for grades 2-3. Print and hand out - no prep. Answer keys for every page. Great for early finishers, morning work, centers, sub plans and gifted or enrichment groups.",https://www.teacherspayteachers.com/Product/Winter-Logic-Puzzles-Grades-2-3-Snow-Day-Brain-Teasers-Early-Finishers-17487460,2026-09-05T09:00:00,"logic puzzles, brain teasers, critical thinking, teaching, elementary school, worksheets, homeschool, classroom activities, gifted education, puzzles"
10 Logic Grid Puzzles for Grades 4-6 - Snow Day,https://raw.githubusercontent.com/thitipatrb/efl-pins/main/snow-day-winter-g46.png,Logic Puzzles for Kids,,"10 printable logic grid puzzles for grades 4-6. Print and hand out - no prep. Answer keys for every page. Great for early finishers, morning work, centers, sub plans and gifted or enrichment groups.",https://www.teacherspayteachers.com/Product/Winter-Logic-Puzzles-Grades-4-6-Snow-Day-Brain-Teasers-Early-Finishers-17487489,2026-09-06T09:00:00,"logic puzzles, brain teasers, critical thinking, teaching, elementary school, worksheets, homeschool, classroom activities, gifted education, puzzles"
10 Logic Grid Puzzles for Grades 2-3 - Gift Swap,https://raw.githubusercontent.com/thitipatrb/efl-pins/main/gift-swap-christmas-g23.png,Logic Puzzles for Kids,,"10 printable logic grid puzzles for grades 2-3. Print and hand out - no prep. Answer keys for every page. Great for early finishers, morning work, centers, sub plans and gifted or enrichment groups.",https://www.teacherspayteachers.com/Product/Christmas-Logic-Puzzles-Grades-2-3-Gift-Swap-Brain-Teasers-Early-Finishers-17477411,2026-09-06T09:00:00,"logic puzzles, brain teasers, critical thinking, teaching, elementary school, worksheets, homeschool, classroom activities, gifted education, puzzles"
10 Logic Grid Puzzles for Grades 4-6 - Gift Swap,https://raw.githubusercontent.com/thitipatrb/efl-pins/main/gift-swap-christmas-g46.png,Logic Puzzles for Kids,,"10 printable logic grid puzzles for grades 4-6. Print and hand out - no prep. Answer keys for every page. Great for early finishers, morning work, centers, sub plans and gifted or enrichment groups.",https://www.teacherspayteachers.com/Product/Christmas-Logic-Puzzles-Grades-4-6-Gift-Swap-Brain-Teasers-Early-Finishers-17477446,2026-09-07T09:00:00,"logic puzzles, brain teasers, critical thinking, teaching, elementary school, worksheets, homeschool, classroom activities, gifted education, puzzles"
10 Logic Grid Puzzles for Grades 2-3 - First Week,https://raw.githubusercontent.com/thitipatrb/efl-pins/main/first-week-backtoschool-g23.png,Logic Puzzles for Kids,,"10 printable logic grid puzzles for grades 2-3. Print and hand out - no prep. Answer keys for every page. Great for early finishers, morning work, centers, sub plans and gifted or enrichment groups.",https://www.teacherspayteachers.com/Product/Back-to-School-Logic-Puzzles-Grades-2-3-Brain-Teasers-Gifted-Early-Finishers-17477494,2026-09-07T09:00:00,"logic puzzles, brain teasers, critical thinking, teaching, elementary school, worksheets, homeschool, classroom activities, gifted education, puzzles"
10 Logic Grid Puzzles for Grades 4-6 - First Week,https://raw.githubusercontent.com/thitipatrb/efl-pins/main/first-week-backtoschool-g46.png,Logic Puzzles for Kids,,"10 printable logic grid puzzles for grades 4-6. Print and hand out - no prep. Answer keys for every page. Great for early finishers, morning work, centers, sub plans and gifted or enrichment groups.",https://www.teacherspayteachers.com/Product/Back-to-School-Logic-Puzzles-Grades-4-6-Brain-Teasers-Gifted-Early-Finishers-17477526,2026-09-08T09:00:00,"logic puzzles, brain teasers, critical thinking, teaching, elementary school, worksheets, homeschool, classroom activities, gifted education, puzzles"
10 Logic Grid Puzzles for Grade 5 - Costume Party,https://raw.githubusercontent.com/thitipatrb/efl-pins/main/costume-party-halloween-g5.png,Logic Puzzles for Kids,,"10 printable logic grid puzzles for grade 5. Print and hand out - no prep. Answer keys for every page. Great for early finishers, morning work, centers, sub plans and gifted or enrichment groups.",https://www.teacherspayteachers.com/Product/Halloween-Logic-Puzzles-5th-Grade-Brain-Teasers-Early-Finishers-Enrichment-17467758,2026-09-08T09:00:00,"logic puzzles, brain teasers, critical thinking, teaching, elementary school, worksheets, homeschool, classroom activities, gifted education, puzzles"
4 Logic Grid Puzzles for Grades 2-6 - Class Feast,https://raw.githubusercontent.com/thitipatrb/efl-pins/main/class-feast-free-sampler.png,Logic Puzzles for Kids,,"4 printable logic grid puzzles for grades 2-6, free to download. Print and hand out - no prep. Answer keys for every page. Great for early finishers, morning work, centers, sub plans and gifted or enrichment groups.",https://www.teacherspayteachers.com/Product/Thanksgiving-Logic-Puzzles-Grades-2-6-Brain-Teasers-Gifted-Early-Finishers-17476386,2026-09-09T09:00:00,"logic puzzles, brain teasers, critical thinking, teaching, elementary school, worksheets, homeschool, classroom activities, gifted education, puzzles"
10 Logic Grid Puzzles for Grades 2-3 - Class Feast,https://raw.githubusercontent.com/thitipatrb/efl-pins/main/class-feast-thanksgiving-g23.png,Logic Puzzles for Kids,,"10 printable logic grid puzzles for grades 2-3. Print and hand out - no prep. Answer keys for every page. Great for early finishers, morning work, centers, sub plans and gifted or enrichment groups.",https://www.teacherspayteachers.com/Product/Thanksgiving-Logic-Puzzles-Grades-2-3-Brain-Teasers-Gifted-Early-Finishers-17476244,2026-09-09T09:00:00,"logic puzzles, brain teasers, critical thinking, teaching, elementary school, worksheets, homeschool, classroom activities, gifted education, puzzles"
10 Logic Grid Puzzles for Grades 4-6 - Class Feast,https://raw.githubusercontent.com/thitipatrb/efl-pins/main/class-feast-thanksgiving-g46.png,Logic Puzzles for Kids,,"10 printable logic grid puzzles for grades 4-6. Print and hand out - no prep. Answer keys for every page. Great for early finishers, morning work, centers, sub plans and gifted or enrichment groups.",https://www.teacherspayteachers.com/Product/Thanksgiving-Logic-Puzzles-Grades-4-6-Brain-Teasers-Gifted-Early-Finishers-17476330,2026-09-10T09:00:00,"logic puzzles, brain teasers, critical thinking, teaching, elementary school, worksheets, homeschool, classroom activities, gifted education, puzzles"
